{
    "train_loss": [
        7.633424990844727,
        6.758285055541992,
        6.263256954956055,
        5.904246063842773,
        5.666563928833008,
        5.450304256286621,
        5.2856979637145995,
        5.13447272567749,
        4.998099299011231,
        4.8797914489746095,
        4.772178534698487,
        4.6766158854675295,
        4.576580675048828,
        4.492759791259766,
        4.4146521012878415,
        4.34184677520752,
        4.263700180969238,
        4.195263749847412,
        4.136323458251953,
        4.085449621887207,
        4.011359472351074,
        3.958408839416504,
        3.909287317199707,
        3.8583750103759766,
        3.811077842712402,
        3.7631018060302734,
        3.727017200164795,
        3.689722200164795,
        3.6538641554260254,
        3.6002845637512206,
        3.569926363525391,
        3.5327401440429687,
        3.49504935546875,
        3.0661071132659914,
        2.9482675973510744,
        2.8768376762390138,
        2.830669129486084,
        2.787416654129028,
        2.672032876586914,
        2.649009942474365,
        2.6351665218353273,
        2.616632240447998,
        2.592117243499756,
        2.5920736547851564,
        2.581589391860962,
        2.5800590285491944,
        2.571115047607422,
        2.5755211964416502,
        2.5773732312011717,
        2.5803446643829346
    ],
    "train_top1_acc": [
        4.366,
        9.64,
        13.679,
        17.219,
        19.955000000000002,
        22.356,
        24.169,
        25.904,
        27.744000000000003,
        29.113,
        30.564999999999998,
        31.866,
        33.234,
        34.160000000000004,
        35.260999999999996,
        36.277,
        37.382,
        38.164,
        38.75,
        39.701,
        40.742,
        41.579,
        42.095,
        42.956,
        43.645,
        44.235,
        44.728,
        45.357,
        45.866,
        46.461999999999996,
        47.027,
        47.427,
        48.098,
        54.393,
        55.789,
        56.897,
        57.623000000000005,
        58.241,
        60.111000000000004,
        60.314,
        60.49099999999999,
        60.866,
        61.222,
        61.293,
        61.278,
        61.364,
        61.547,
        61.565999999999995,
        61.46,
        61.348
    ],
    "train_top5_acc": [
        15.336,
        28.219,
        35.979,
        41.82,
        45.403,
        48.791000000000004,
        51.324999999999996,
        53.527,
        55.285,
        56.962,
        58.56,
        59.77400000000001,
        61.109,
        62.17,
        63.21,
        64.214,
        65.17500000000001,
        66.05499999999999,
        66.723,
        67.474,
        68.411,
        69.033,
        69.666,
        70.435,
        70.939,
        71.367,
        71.907,
        72.39,
        72.94500000000001,
        73.372,
        73.801,
        74.062,
        74.77000000000001,
        79.484,
        80.54400000000001,
        81.256,
        81.841,
        82.331,
        83.468,
        83.67,
        83.88,
        84.016,
        84.186,
        84.307,
        84.499,
        84.299,
        84.405,
        84.321,
        84.297,
        84.419
    ],
    "val_loss": [
        4.426297611236572,
        4.021778324127197,
        3.680109080505371,
        3.6528303611755373,
        3.936240034484863,
        3.3746668769836425,
        3.414843814086914,
        3.2931073078155517,
        3.0890339195251464,
        3.0920807373046877,
        2.975557162094116,
        3.0733877990722656,
        3.046476467895508,
        2.828774929046631,
        2.8243990451812744,
        2.7942808967590334,
        2.9289745346069336,
        2.691340399169922,
        2.643046254348755,
        2.6223129444122315,
        2.8297432960510256,
        2.7028549282073975,
        2.599399877166748,
        2.5838054592132567,
        2.611000727081299,
        2.5362759372711183,
        2.6467769569396973,
        2.577315273666382,
        2.4963045372009276,
        2.5089864013671876,
        2.650978192138672,
        2.527481198501587,
        2.528099719238281,
        2.3174304695129395,
        2.328192168807983,
        2.3434089099884035,
        2.3446107719421385,
        2.369029267120361,
        2.3287700927734374,
        2.336728991317749,
        2.3271657733917235,
        2.334487461090088,
        2.333923636627197,
        2.3369690841674804,
        2.334092208862305,
        2.338915148925781,
        2.3340678173065186,
        2.337202201461792,
        2.3291504962921143,
        2.3379712593078614
    ],
    "val_top1_acc": [
        7.08,
        11.81,
        17.150000000000002,
        17.47,
        15.09,
        22.400000000000002,
        22.25,
        24.65,
        27.76,
        28.189999999999998,
        30.099999999999998,
        29.14,
        29.959999999999997,
        32.87,
        33.46,
        34.67,
        32.57,
        36.42,
        37.75,
        38.07,
        35.120000000000005,
        37.39,
        38.67,
        39.11,
        38.96,
        40.160000000000004,
        38.31,
        39.82,
        41.03,
        40.98,
        38.71,
        41.449999999999996,
        40.849999999999994,
        45.12,
        45.540000000000006,
        45.93,
        45.69,
        45.28,
        46.03,
        46.03,
        46.160000000000004,
        45.98,
        46.28,
        46.29,
        46.08,
        46.25,
        46.160000000000004,
        46.050000000000004,
        46.23,
        46.29
    ],
    "val_top5_acc": [
        23.21,
        33.06,
        41.83,
        42.95,
        37.669999999999995,
        49.3,
        49.17,
        51.18000000000001,
        55.769999999999996,
        56.57,
        58.540000000000006,
        57.14,
        57.47,
        61.62,
        61.95,
        62.529999999999994,
        59.79,
        64.02,
        65.4,
        65.96,
        62.51,
        63.99,
        66.58,
        66.41,
        66.45,
        67.88,
        65.92,
        66.58,
        68.17,
        68.14,
        65.93,
        68.07,
        68.04,
        71.56,
        71.67999999999999,
        71.54,
        71.67999999999999,
        71.7,
        71.69,
        71.6,
        71.8,
        71.83,
        71.88,
        71.84,
        71.6,
        71.89999999999999,
        71.99,
        71.76,
        71.85000000000001,
        71.74000000000001
    ]
}