{
    "train_loss": [
        7.620422490844726,
        6.665673674468994,
        6.141226523590088,
        5.787748480072022,
        5.540584365997314,
        5.332182666320801,
        5.14852676361084,
        5.000719151763916,
        4.865579357910156,
        4.732186069335937,
        4.274931917419433,
        4.137483935546875,
        4.070443744049072,
        4.024441766052246,
        3.9767299450683593,
        3.9328140074157716,
        3.8943133909606935,
        3.8649199615478516,
        3.8268037367248535,
        3.7956638613891602,
        3.712946677093506,
        3.702346875305176,
        3.6915520240783692,
        3.68534904335022,
        3.680733516845703,
        3.6713219660949705,
        3.671263730621338,
        3.6673135650634765,
        3.661816563720703,
        3.65746461227417,
        3.6482769525146486,
        3.6450667740631104,
        3.6514521789550782,
        3.6499674542236327,
        3.64556434967041,
        3.6395289489746094,
        3.640670100708008,
        3.6454542904663088,
        3.637757183837891,
        3.6414580178833007
    ],
    "train_top1_acc": [
        4.119,
        9.931,
        14.445,
        18.296,
        20.933,
        23.369999999999997,
        25.369999999999997,
        27.278999999999996,
        29.102,
        30.763,
        36.582,
        38.479,
        39.235,
        39.940999999999995,
        40.662,
        40.983000000000004,
        41.783,
        42.092,
        42.473,
        42.986000000000004,
        44.111,
        44.332,
        44.481,
        44.534,
        44.71,
        44.518,
        44.79,
        44.882,
        45.006,
        44.983000000000004,
        45.292,
        45.053,
        45.169,
        44.995000000000005,
        45.133,
        45.391999999999996,
        45.127,
        45.238,
        45.365,
        45.21
    ],
    "train_top5_acc": [
        15.072,
        29.482999999999997,
        37.753,
        43.522,
        47.217999999999996,
        50.568000000000005,
        53.147999999999996,
        55.462999999999994,
        57.377,
        59.045,
        65.231,
        66.876,
        67.645,
        68.185,
        68.73599999999999,
        69.366,
        69.73899999999999,
        70.132,
        70.665,
        70.992,
        72.012,
        72.031,
        72.229,
        72.418,
        72.287,
        72.495,
        72.53699999999999,
        72.531,
        72.624,
        72.673,
        72.788,
        72.643,
        72.576,
        72.725,
        72.654,
        72.921,
        72.879,
        72.79299999999999,
        72.856,
        72.807
    ],
    "val_loss": [
        4.378495321655273,
        3.888121448135376,
        3.80904524307251,
        3.574805763244629,
        3.280316579055786,
        3.317533546447754,
        3.0779850929260255,
        3.136604175949097,
        2.9996790988922117,
        2.917178076171875,
        2.5767639003753664,
        2.539070175933838,
        2.5290492992401123,
        2.521785610961914,
        2.4977726524353026,
        2.4952955528259277,
        2.4828550117492676,
        2.4682834510803224,
        2.476012246322632,
        2.4567639041900633,
        2.4328274478912353,
        2.433142973327637,
        2.433119327545166,
        2.4288740116119385,
        2.4286645263671875,
        2.425179920196533,
        2.4271875034332275,
        2.4299792488098144,
        2.4263123809814453,
        2.420563697052002,
        2.4263833366394043,
        2.420111991882324,
        2.4289555324554444,
        2.4237065505981445,
        2.4282802352905275,
        2.4203378101348876,
        2.4238224617004396,
        2.4207631031036376,
        2.4222789878845217,
        2.4259798351287842
    ],
    "val_top1_acc": [
        8.16,
        12.7,
        15.790000000000001,
        19.03,
        23.3,
        23.7,
        27.66,
        26.590000000000003,
        29.43,
        30.740000000000002,
        37.84,
        38.519999999999996,
        38.73,
        39.300000000000004,
        39.51,
        39.67,
        39.989999999999995,
        40.37,
        40.339999999999996,
        40.58,
        41.13,
        41.14,
        41.27,
        41.510000000000005,
        41.03,
        41.46,
        41.31,
        41.55,
        41.38,
        41.83,
        41.63,
        41.82,
        41.620000000000005,
        41.63,
        41.82,
        41.43,
        41.72,
        41.99,
        41.57,
        41.52
    ],
    "val_top5_acc": [
        25.05,
        36.89,
        39.03,
        45.25,
        50.370000000000005,
        50.8,
        55.989999999999995,
        55.010000000000005,
        57.48,
        59.809999999999995,
        65.89,
        66.84,
        67.11,
        67.46,
        67.52,
        67.81,
        67.66,
        67.96,
        68.03,
        68.36,
        69.16,
        69.03,
        68.83,
        69.12,
        68.7,
        68.92,
        68.91000000000001,
        68.93,
        69.04,
        69.17,
        69.01,
        68.97,
        68.89,
        68.96,
        68.96,
        69.13,
        69.1,
        69.19,
        69.04,
        69.05
    ]
}