{
    "train_loss": [
        5.044786741485596,
        4.631779957733154,
        4.274887095031739,
        4.0766494915771485,
        3.933758794555664,
        3.812629987030029,
        3.6884434065246583,
        3.578284270019531,
        3.486312922363281,
        3.404803423614502,
        3.3317827128601074,
        3.2640967436981203,
        3.20734030960083,
        3.149336871948242,
        3.0896136849975586,
        3.043226771850586,
        2.99158294380188,
        2.9481134718322752,
        2.906420007400513,
        2.855825992126465,
        2.8186996125793455,
        2.7770226845550536,
        2.7430918927001953,
        2.7038283940124512,
        2.6683727854919432,
        2.635794002456665,
        2.606874900894165,
        2.5700582313537597,
        2.540833958282471,
        2.5079940936279295,
        2.4806893938446044,
        2.4486664762115478,
        2.4249288758087157,
        2.3900129527282714,
        2.3660119149017333,
        2.3388445096588133,
        2.3104392388916017,
        2.2866176260375974,
        2.26520126953125,
        2.2383269886779784,
        2.21571734336853,
        2.192751189727783,
        2.176365961074829,
        2.147669622955322,
        2.122912494354248,
        2.1090525776672364,
        2.079835818939209,
        2.05655266998291,
        2.0419542646789552,
        2.020047209472656,
        1.9974585121154784,
        1.9783254109954833,
        1.9593389253997802,
        1.9386579205703736,
        1.9170360997772218,
        1.8994064093017577,
        1.8782852165985107,
        1.8722386501312256,
        1.8392722149276732,
        1.8231727978134156
    ],
    "train_acc": [
        1.798,
        4.485,
        8.12,
        10.803,
        12.619,
        14.511,
        16.625,
        18.411,
        20.11,
        21.475,
        22.854,
        23.979,
        25.003999999999998,
        26.302999999999997,
        27.412999999999997,
        28.372000000000003,
        29.194,
        29.957,
        31.108999999999998,
        31.838,
        32.647999999999996,
        33.503,
        34.036,
        34.654,
        35.535,
        36.254,
        36.766,
        37.612,
        38.059,
        38.685,
        39.389,
        39.934,
        40.409,
        40.949000000000005,
        41.64,
        42.052,
        42.875,
        42.893,
        43.72,
        44.05,
        44.689,
        45.027,
        45.498,
        46.303,
        46.51,
        46.699,
        47.525,
        47.897,
        48.055,
        48.666,
        49.138,
        49.553999999999995,
        50.019999999999996,
        50.307,
        50.8,
        51.233,
        51.614000000000004,
        51.717999999999996,
        52.385000000000005,
        52.849999999999994
    ],
    "train_top5_acc": [
        7.539999999999999,
        16.741,
        25.836,
        31.374999999999996,
        35.024,
        37.941,
        41.012,
        43.919000000000004,
        46.18,
        48.04,
        49.748999999999995,
        51.568000000000005,
        52.632,
        54.017,
        55.24099999999999,
        56.288000000000004,
        57.475,
        58.471,
        59.202,
        60.243,
        61.155,
        61.892,
        62.653999999999996,
        63.298,
        64.226,
        64.739,
        65.347,
        66.007,
        66.486,
        67.255,
        67.771,
        68.355,
        68.705,
        69.604,
        70.006,
        70.44399999999999,
        70.768,
        71.512,
        71.813,
        72.407,
        72.64699999999999,
        73.028,
        73.399,
        73.882,
        74.348,
        74.563,
        75.104,
        75.485,
        76.011,
        76.118,
        76.375,
        76.836,
        77.312,
        77.608,
        78.00399999999999,
        78.389,
        78.66199999999999,
        78.755,
        79.34400000000001,
        79.472
    ],
    "val_loss": [
        4.775606276702881,
        4.2828227783203126,
        4.1087209999084475,
        3.8527482490539553,
        3.7460526264190674,
        3.633121894454956,
        3.5162832298278808,
        3.4978985179901123,
        3.352659680557251,
        3.366721628189087,
        3.259823537826538,
        3.1433078689575193,
        3.1913014915466307,
        3.072375833129883,
        3.043998878479004,
        3.0289572856903075,
        2.985999340057373,
        2.9195867889404297,
        2.9105151737213135,
        2.8627095825195314,
        2.8571897583007813,
        2.8217921646118165,
        2.774705759429932,
        2.7966569915771484,
        2.758047784423828,
        2.7827328861236573,
        2.758899015045166,
        2.729671953201294,
        2.6851280166625977,
        2.6777867515563964,
        2.69702885055542,
        2.6975197551727295,
        2.64518286819458,
        2.6556193534851076,
        2.634121973800659,
        2.611909378814697,
        2.6272442520141603,
        2.603030242919922,
        2.6434795570373537,
        2.6105923027038576,
        2.612836845779419,
        2.5633766735076904,
        2.5801841442108153,
        2.5457568424224855,
        2.594321153259277,
        2.5488921466827392,
        2.5702936588287355,
        2.577905118942261,
        2.5580369510650636,
        2.5484037815093994,
        2.614338073348999,
        2.571533730697632,
        2.578540853500366,
        2.56577180557251,
        2.5908847358703615,
        2.5576669204711915,
        2.6083360916137694,
        2.5745326873779297,
        2.5816221839904787,
        2.570488157272339
    ],
    "val_acc": [
        3.09,
        7.829999999999999,
        10.08,
        13.52,
        15.28,
        16.85,
        19.31,
        19.81,
        22.02,
        22.7,
        24.97,
        26.150000000000002,
        26.009999999999998,
        27.67,
        28.67,
        28.93,
        29.64,
        31.4,
        31.019999999999996,
        32.43,
        32.78,
        33.11,
        34.410000000000004,
        33.81,
        34.5,
        34.18,
        35.08,
        36.05,
        37.08,
        36.730000000000004,
        36.82,
        36.27,
        37.9,
        37.9,
        38.21,
        38.53,
        38.56,
        38.41,
        38.87,
        39.17,
        38.92,
        40.43,
        39.75,
        40.550000000000004,
        39.79,
        40.86,
        40.44,
        40.23,
        40.98,
        41.4,
        40.32,
        41.23,
        41.55,
        41.089999999999996,
        41.660000000000004,
        41.92,
        41.23,
        41.81,
        41.949999999999996,
        42.32
    ],
    "val_top5_acc": [
        12.13,
        26.25,
        30.28,
        36.58,
        39.58,
        41.79,
        45.33,
        45.800000000000004,
        49.88,
        49.15,
        51.5,
        54.169999999999995,
        53.2,
        56.10000000000001,
        56.99999999999999,
        56.81,
        58.26,
        58.919999999999995,
        59.56,
        60.72,
        60.77,
        61.45,
        62.339999999999996,
        61.99,
        62.45,
        62.57,
        63.07000000000001,
        63.080000000000005,
        64.56,
        64.42,
        64.05,
        64.60000000000001,
        65.4,
        65.56,
        65.48,
        66.24,
        66.25999999999999,
        66.11,
        66.02,
        66.29,
        66.31,
        66.67999999999999,
        66.53,
        67.86,
        66.89,
        67.81,
        67.57,
        67.01,
        67.46,
        67.86,
        67.2,
        67.39,
        67.74,
        67.75,
        67.7,
        67.99,
        67.66,
        68.2,
        68.30000000000001,
        68.34
    ]
}